1,google.com,172.217.17.142
2,youtube.com,172.217.168.238
3,facebook.com,31.13.75.36
4,baidu.com,220.181.57.216
5,wikipedia.org,91.198.174.192
6,qq.com,111.161.64.48
7,taobao.com,140.205.94.189
8,tmall.com,140.205.94.193
9,amazon.com,176.32.103.205
10,yahoo.com,72.30.35.9
11,twitter.com,104.244.42.65
12,sohu.com,221.179.177.36
13,vk.com,87.240.180.136
14,yandex.ru,77.88.55.55
15,instagram.com,34.195.228.241
16,sina.com.cn,202.108.33.60
17,live.com,204.79.197.212
18,reddit.com,151.101.1.140
19,weibo.com,114.134.80.162
20,netflix.com,34.249.62.22
21,360.cn,36.110.213.49
22,jd.com,120.52.148.118
23,login.tmall.com,213.244.178.254
24,blogspot.com,172.217.17.105
25,pornhub.com,216.18.168.16
26,twitch.tv,151.101.2.167
27,yahoo.co.jp,182.22.59.229
28,mail.ru,217.69.139.200
29,google.com.hk,216.58.211.99
30,alipay.com,110.75.139.5
31,aliexpress.com,198.11.132.250
32,google.co.in,172.217.20.67
33,pages.tmall.com,213.244.178.253
34,ebay.com,66.135.209.52
35,ok.ru,217.20.147.1
36,t.co,199.16.156.11
37,csdn.net,47.95.164.112
38,imdb.com,52.94.237.74
39,amazon.co.jp,52.119.168.48
40,xvideos.com,185.88.181.9
41,tribunnews.com,180.240.134.85
42,linkedin.com,108.174.10.10
43,bing.com,13.107.21.200
44,microsoft.com,40.76.4.15
45,livejasmin.com,109.71.161.200
46,naver.com,210.89.164.90
47,porn555.com,104.27.116.19
48,bilibili.com,61.244.33.181
49,xhamster.com,88.208.60.136
50,google.co.jp,172.217.17.35
51,imgur.com,151.101.16.193
52,paypal.com,64.4.250.37
53,google.de,172.217.168.195
54,wikia.com,151.101.192.194
55,wordpress.com,192.0.78.17
56,msn.com,13.82.28.61
57,github.com,140.82.118.4
58,apple.com,17.142.160.59
59,google.com.br,216.58.211.99
60,soso.com,118.191.216.57
61,google.ru,172.217.19.195
62,hao123.com,220.181.163.1
63,whatsapp.com,169.44.82.102
64,popads.net,216.21.13.13
66,stackoverflow.com,151.101.1.69
67,microsoftonline.com,40.84.199.233
68,tumblr.com,66.6.32.31
69,amazon.de,52.95.120.34
70,zhihu.com,118.89.204.190
71,savefrom.net,188.40.110.188
72,douban.com,154.8.131.171
73,fbcdn.net,31.13.75.36
74,google.fr,172.217.17.131
75,pinterest.com,151.101.0.84
76,amazon.co.uk,54.239.33.58
77,163.com,123.58.180.8
78,amazon.in,52.95.120.67
79,so.com,42.236.9.70
80,detail.tmall.com,121.42.17.238
81,office.com,52.108.240.70
82,xinhuanet.com,202.108.119.193
83,roblox.com,69.172.201.47
84,thestartmagazine.com,184.168.221.13
86,google.it,172.217.20.99
87,xnxx.com,185.88.181.58
88,adobe.com,193.104.215.58
89,bongacams.com,216.18.168.1
90,google.es,172.217.17.131
91,google.co.uk,216.58.212.131
92,quora.com,34.199.26.157
93,gmw.cn,111.202.12.1
94,pixnet.net,103.23.108.107
95,bodelen.com,88.85.66.195
96,tianya.cn,124.225.65.154
97,aparat.com,185.147.178.14
98,speakol.com,104.25.185.17
99,nicovideo.jp,202.248.110.184
100,booking.com,5.57.16.220
101,iqiyi.com,101.227.188.176
102,openload.co,104.16.165.50
103,ettoday.net,219.85.79.131
104,onlinesbi.com,223.31.160.61
105,espn.com,18.203.61.233
106,rakuten.co.jp,133.237.61.176
107,bbc.co.uk,151.101.64.81
108,soundcloud.com,52.85.186.42
109,google.cn,172.217.17.35
110,craigslist.org,208.82.237.226
111,dropbox.com,162.125.248.1
112,bbc.com,151.101.192.81
113,steamcommunity.com,23.62.130.245
114,detik.com,103.49.221.211
115,spotify.com,104.154.127.47
116,cobalten.com,188.72.213.176
117,ebay.de,66.211.181.235
118,cnn.com,151.101.129.67
119,amazonaws.com,72.21.210.29
120,chaturbate.com,104.16.146.241
121,bukalapak.com,103.64.14.18
122,softonic.com,35.190.12.174
123,discordapp.com,104.16.58.5
124,fc2.com,54.213.36.26
125,sd5doozry8.com,198.134.112.244
126,dailymotion.com,195.8.215.136
127,ask.com,151.101.38.114
128,britiesefficially.club,34.196.67.15
129,avito.ru,185.89.12.132
130,cnblogs.com,42.121.252.58
131,mediafire.com,104.19.195.29
132,thouth.net,172.64.105.14
133,youku.com,106.11.47.19
134,chase.com,159.53.85.137
135,panda.tv,182.92.20.106
136,google.com.mx,216.58.212.227
137,stackexchange.com,151.101.1.69
138,douyu.com,163.171.130.130
139,1688.com,140.205.174.2
140,nytimes.com,151.101.65.164
141,gamepedia.com,104.16.82.211
142,google.com.tr,172.217.20.99
143,google.ca,172.217.20.99
144,babytree.com,59.110.149.245
145,txxx.com,104.20.72.110
146,ebay.co.uk,66.211.181.235
147,vimeo.com,151.101.192.217
148,daum.net,203.133.167.81
149,etsy.com,151.101.1.224
150,yts.am,104.27.214.28
151,google.com.tw,172.217.17.67
152,nih.gov,54.235.145.223
153,zhanqi.tv,182.92.104.151
154,spankbang.com,104.20.41.98
155,vice.com,54.174.214.170
156,sogou.com,118.191.216.57
157,theguardian.com,151.101.1.111
158,mercadolivre.com.br,54.192.199.74
159,indeed.com,169.45.207.200
160,walmart.com,161.170.230.170
161,globo.com,186.192.90.5
162,fandom.com,151.101.64.194
163,deviantart.com,52.85.220.99
164,steampowered.com,2.20.160.62
165,flipkart.com,163.53.78.128
166,amazon.fr,52.95.116.113
167,kinopoisk.ru,213.180.193.105
168,researchgate.net,65.39.251.71
169,amazon.it,54.239.33.83
170,caijing.com.cn,124.243.192.30
171,ifeng.com,123.103.122.24
172,w3schools.com,66.29.212.110
173,twimg.com,210.163.219.24
174,china.com.cn,202.130.245.42
175,godaddy.com,208.109.192.70
176,messenger.com,31.13.75.8
177,ladbible.com,104.16.5.248
178,youporn.com,216.18.168.116
179,cricbuzz.com,119.81.119.5
180,hulu.com,23.216.206.221
181,blogger.com,172.217.168.201
182,primevideo.com,13.32.41.41
183,duckduckgo.com,79.125.105.113
184,cnet.com,64.30.228.118
185,uol.com.br,200.221.2.45
186,morphonebrities.info,34.239.76.155
187,google.pl,172.217.20.67
188,doublepimpssl.com,104.16.224.128
189,gearbest.com,104.64.16.178
190,alibaba.com,205.204.101.42
191,wikihow.com,151.101.66.110
192,bet9ja.com,185.179.62.2
193,mega.nz,89.44.169.135
194,zillow.com,52.85.58.16
195,jf71qh5v14.com,198.134.112.241
196,digikala.com,185.188.104.10
197,livejournal.com,81.19.74.6
198,jianshu.com,107.150.101.156
199,onlinevideoconverter.com,94.228.214.149
200,yelp.com,151.101.36.116
201,ikea.com,216.87.148.114
202,thepiratebay.org,104.27.217.28
203,youm7.com,104.17.98.21
204,tokopedia.com,47.88.159.115
205,google.com.sa,172.217.17.131
206,udemy.com,104.18.131.108
207,dailymail.co.uk,2.20.160.244
208,google.co.kr,172.217.168.195
209,google.com.eg,172.217.17.99
210,indiatimes.com,223.165.27.146
211,google.co.th,172.217.168.195
212,google.com.au,172.217.20.67
213,op.gg,1.201.136.217
214,bankofamerica.com,171.161.148.150
215,google.co.id,172.217.17.67
216,eastday.com,222.73.244.10
217,medium.com,104.16.122.127
218,bet365.com,5.226.176.16
219,amazon.ca,54.239.19.238
220,kakaku.com,103.70.243.165
221,google.com.ar,216.58.212.227
222,amazon.es,52.95.120.38
223,ebay-kleinanzeigen.de,194.50.69.193
224,speedtest.net,151.101.66.219
225,1337x.to,104.31.19.30
226,mozilla.org,63.245.208.195
227,redd.it,151.101.129.140
228,naganoadigei.com,51.15.155.126
229,aliyun.com,140.205.230.3
230,liputan6.com,13.251.153.76
231,pinimg.com,151.101.0.84
232,rutracker.org,195.82.146.214
233,huanqiu.com,119.254.147.230
234,freepik.com,178.33.44.27
235,digitaldsp.com,188.42.162.137
236,wellsfargo.com,159.45.66.143
237,doubleclick.net,172.217.168.238
238,doublepimp.com,69.89.69.120
239,instructure.com,54.191.191.127
240,rednet.cn,115.159.159.215
241,people.com.cn,106.48.12.44
242,rambler.ru,81.19.82.9
243,redtube.com,216.18.168.124
244,sciencedirect.com,18.214.105.86
245,scribd.com,151.101.130.152
246,patria.org.ve,190.205.112.68
247,livedoor.jp,203.104.153.16
248,slideshare.net,108.174.10.19
249,canva.com,104.16.79.22
250,keyrolan.com,88.85.66.184
251,hdrezka.ag,5.45.77.201
252,tripadvisor.com,192.229.162.112
253,genius.com,104.16.209.100
254,rt.com,103.5.149.91
255,huaban.com,115.231.100.109
256,sindonews.com,182.253.240.29
257,archive.org,207.241.224.2
258,kompas.com,202.146.4.100
259,allegro.pl,185.31.25.104
260,news-speaker.com,104.20.135.55
261,foxnews.com,23.210.248.110
262,gamespot.com,64.30.228.81
263,ci123.com,202.102.90.109
264,bestbuy.com,23.34.177.137
265,xfinity.com,96.114.14.140
266,varzesh3.com,94.182.163.51
267,gamersky.com,115.238.129.220
268,crptentry.com,93.93.53.190
269,tistory.com,211.231.108.151
270,wikimedia.org,91.198.174.192
271,namnak.com,185.49.84.250
272,washingtonpost.com,23.216.241.33
273,shutterstock.com,162.212.45.11
274,getawesome1.com,96.45.82.193
275,yy.com,113.107.236.195
276,myshopify.com,23.227.38.32
277,crunchyroll.com,104.20.19.239
278,dmm.co.jp,202.6.246.32
279,weather.com,23.38.36.104
280,friv.com,192.64.119.83
281,rarbg.to,185.37.100.122
282,youdao.com,61.135.218.27
283,9gag.com,151.101.130.133
284,espncricinfo.com,52.19.167.6
285,patreon.com,104.20.19.183
286,ign.com,52.54.227.239
287,hotstar.com,52.85.58.27
288,ltn.com.tw,218.211.33.75
289,ouo.io,104.20.1.139
290,namu.wiki,104.17.127.217
292,3dmgame.com,180.101.45.119
293,ameblo.jp,23.45.72.85
294,breitbart.com,35.241.35.213
295,youth.cn,123.103.5.94
296,trello.com,23.38.43.46
297,abs-cbn.com,104.215.191.114
298,uod2quk646.com,198.134.112.242
299,pixiv.net,210.140.131.222
300,google.com.ua,172.217.20.67
302,popcash.net,104.20.128.46
303,kissanime.ru,104.20.26.43
304,momoshop.com.tw,61.222.124.158
305,nextoptim.com,107.178.250.249
306,line.me,203.104.138.138
307,list.tmall.com,106.11.95.1
308,airbnb.com,34.202.103.73
309,idntimes.com,103.5.51.123
310,setn.com,54.238.119.86
311,egy.best,104.25.236.22
312,buzzfeed.com,52.85.58.73
313,googlevideo.com,172.217.20.68
314,uptodown.com,104.86.38.67
315,orange.fr,193.252.148.140
316,okezone.com,202.80.220.218
317,hdfcbank.com,104.16.81.72
318,wetransfer.com,52.17.181.56
319,ensonhaber.com,104.20.60.198
320,taboola.com,107.22.178.157
321,gamer.com.tw,104.17.130.66
322,tvbs.com.tw,52.85.58.193
323,flickr.com,69.147.88.7
324,toutiao.com,123.58.9.80
325,reallifecam.com,107.182.230.212
326,force.com,204.74.99.100
327,baike.com,124.243.228.136
328,usps.com,56.0.134.100
329,myanimelist.net,52.32.225.231
330,gfycat.com,54.192.199.23
331,ebc.net.tw,122.147.226.250
332,termometropolitico.it,104.25.180.31
333,livedoor.com,203.104.153.16
334,aol.com,124.108.115.87
335,siteadvisor.com,161.69.17.94
336,homedepot.com,35.201.95.83
338,sex.com,206.125.164.82
339,wease.im,212.129.33.171
340,amazon.cn,54.222.60.218
342,exoclick.com,94.23.144.230
343,kaskus.co.id,103.6.117.2
344,telewebion.com,46.28.53.115
345,ultimate-guitar.com,178.18.22.152
346,zippyshare.com,145.239.9.15
347,playstation.com,209.200.152.198
348,goo.ne.jp,153.254.147.65
349,vacaneedasap.com,104.25.227.6
350,goodreads.com,52.94.237.126
351,sarkariresult.com,104.24.22.110
352,mercadolibre.com.ar,54.230.197.254
353,51sole.com,47.90.2.56
354,fiverr.com,104.16.55.215
355,alwafd.news,104.27.134.53
357,indoxxi.bz,104.25.7.27
358,huya.com,118.25.31.186
359,mercadolibre.com.mx,52.85.59.65
360,intuit.com,199.16.139.15
361,capitalone.com,204.63.46.18
362,asos.com,104.108.58.172
363,reverso.net,89.107.171.183
364,irctc.co.in,103.252.142.21
365,weebly.com,74.115.50.110
366,leboncoin.fr,193.164.197.82
367,sourceforge.net,216.105.38.13
368,cnki.net,103.227.81.121
369,seasonvar.ru,178.236.137.157
370,2345.com,42.62.30.180
371,quizlet.com,104.16.16.221
372,target.com,151.101.194.187
373,americanexpress.com,184.87.186.38
374,yao.tmall.com,213.244.178.246
375,myway.com,74.113.233.77
376,hclips.com,104.23.105.173
377,subscene.com,172.64.96.39
378,olx.ua,52.85.58.18
379,wordpress.org,198.143.164.252
380,ptt.cc,140.112.172.5
381,pikabu.ru,91.228.155.94
382,forbes.com,151.101.130.49
383,17ok.com,119.254.11.66
384,chouftv.ma,104.20.9.75
385,samsung.com,211.45.27.231
386,google.com.pk,172.217.17.35
387,google.gr,172.217.17.99
388,zol.com.cn,123.103.57.17
389,slack.com,54.192.198.98
390,kooora.com,107.154.102.19
391,salesforce.com,96.43.144.26
392,pixabay.com,213.239.228.130
393,nexusmods.com,104.25.118.119
394,telegram.org,149.154.167.99
395,hp.com,15.72.228.83
396,shaparak.ir,185.167.72.20
397,cinecalidad.to,104.27.174.202
398,userapi.com,87.240.190.64
399,cambridge.org,216.87.148.114
400,free.fr,212.27.48.10
401,google.com.sg,172.217.17.35
402,slickdeals.net,192.33.31.161
403,yourporn.sexy,172.64.174.30
404,huffingtonpost.com,74.6.136.153
405,wix.com,185.230.60.164
406,wattpad.com,104.16.108.12
407,grid.id,52.76.112.154
408,uidai.gov.in,103.57.226.101
409,healthline.com,52.85.58.129
410,hespress.com,104.20.115.3
411,jrj.com.cn,117.121.12.17
412,onet.pl,213.180.141.140
413,academia.edu,54.247.118.82
414,outbrain.com,50.31.185.52
415,banggood.com,169.48.178.198
416,albawabhnews.com,104.28.12.251
417,google.co.ve,172.217.168.227
418,coco02.net,104.25.86.23
419,mercari.com,52.85.58.198
420,oload.fun,172.64.143.16
421,e-hentai.org,104.24.255.11
422,dcinside.com,121.125.60.151
423,autohome.com.cn,124.250.78.6
424,discogs.com,216.151.17.140
425,merdeka.com,103.6.0.3
426,biobiochile.cl,67.43.7.192
427,nyaa.si,192.124.249.158
428,rottentomatoes.com,52.11.155.253
429,wp.pl,212.77.98.9
430,gismeteo.ru,185.134.201.245
431,dkn.tv,104.17.197.68
432,livescore.com,35.186.243.87
433,nhentai.net,141.101.120.55
434,okdiario.com,185.47.12.155
435,ria.ru,178.248.233.32
436,wordreference.com,64.251.31.226
437,google.com.vn,216.58.212.195
438,accuweather.com,184.50.166.92
439,sonyliv.com,52.77.194.240
440,ouedkniss.com,37.187.137.67
441,avgle.com,104.20.68.102
442,icicibank.com,203.27.235.25
443,souq.com,34.253.25.92
444,nike.com,146.197.184.71
445,divar.ir,79.175.141.112
446,icloud.com,17.253.144.10
447,wiktionary.org,91.198.174.192
448,businessinsider.com,151.101.65.171
449,google.co.za,172.217.17.67
451,zimuzu.tv,175.6.228.2
452,yandex.kz,5.255.255.5
453,evernote.com,35.190.29.187
454,utorrent.com,98.143.146.7
455,ebay.it,66.211.181.235
456,blog.jp,125.6.146.13
457,t66y.com,104.25.32.112
458,feedly.com,104.20.59.241
459,olx.pl,52.85.58.238
460,google.ro,172.217.17.35
461,go.com,23.236.60.174
462,elpais.com,23.62.100.181
463,themeforest.net,104.18.30.233
464,dytt8.net,104.233.235.196
465,citi.com,192.193.102.176
466,drom.ru,185.44.0.16
467,ups.com,153.2.224.50
468,ali213.net,60.12.149.194
469,eyny.com,172.241.24.22
470,5ch.net,104.18.231.150
471,office365.com,52.165.129.203
472,thesaurus.com,151.101.38.133
473,zoho.com,8.39.54.155
474,marca.com,193.110.128.82
475,ndtv.com,23.66.16.10
476,prothomalo.com,107.154.247.36
477,files.wordpress.com,192.0.72.3
478,dell.com,143.166.135.105
479,beeg.com,213.174.153.18
480,mit.edu,2.20.166.185
481,pansoso.com,121.42.75.40
482,zendesk.com,192.161.154.1
483,ebay.com.au,66.211.185.77
484,kumparan.com,52.221.160.88
485,hatenablog.com,13.115.18.61
486,inven.co.kr,182.162.110.129
487,browsergames2018.com,142.0.204.220
488,gmx.net,82.165.229.87
489,mailchimp.com,184.50.162.228
490,a63t9o1azf.com,198.134.112.243
491,perfecttoolmedia.com,23.236.62.147
492,spotscenered.info,104.17.60.91
493,vseigru.net,178.162.215.85
494,behance.net,151.101.65.197
495,google.be,216.58.212.227
496,duba.com,119.29.42.130
497,ruliweb.com,103.24.8.4
498,grammarly.com,54.210.25.204
499,nga.cn,120.31.70.174
500,upwork.com,104.16.32.27
501,ctrip.com,140.207.228.45
502,asus.com,103.10.4.216
503,mi.com,58.83.160.156
504,epicgames.com,54.157.227.164
505,coinmarketcap.com,104.17.138.178
506,google.at,172.217.19.195
507,ivi.ru,91.233.219.155
508,nfl.com,184.28.56.188
509,seznam.cz,77.75.77.53
510,nur.kz,94.247.132.238
511,6kup12tgxx.com,198.134.112.242
512,skype.com,104.40.50.126
513,urbandictionary.com,151.101.128.207
514,animeflv.net,104.24.29.35
515,nutaku.net,64.210.149.51
516,animeyt.tv,104.25.187.6
517,patch.com,151.101.193.177
518,kapanlagi.com,203.12.21.11
520,hola.com,62.22.171.50
521,pantip.com,103.77.118.136
522,nba.com,18.210.212.54
523,torrentwal.net,104.24.99.153
524,usatoday.com,159.54.242.176
525,gome.com.cn,124.250.72.168
526,spiegel.de,128.65.210.8
527,macys.com,95.100.197.158
528,webmd.com,208.93.170.15
529,wish.com,54.241.43.222
530,weblio.jp,210.189.86.12
532,sahibinden.com,85.111.30.111
533,s5prou7ulr.com,198.134.112.241
534,shopify.com,52.207.37.146
535,sportbible.com,104.17.255.23
536,battle.net,24.105.29.30
537,rediff.com,104.82.240.252
538,springer.com,195.128.8.134
539,yadi.sk,87.250.250.50
540,glassdoor.com,104.16.232.151
541,chess.com,68.71.245.5
542,wayfair.com,162.208.32.99
543,onclicksuper.com,35.190.8.27
544,humblebundle.com,104.20.34.236
545,web.de,82.165.230.17
546,bandcamp.com,151.101.129.28
547,flvto.biz,94.130.238.226
548,zhibo8.cc,101.37.178.168
549,3c.tmall.com,213.244.178.253
550,360doc.com,39.106.173.98
551,smzdm.com,117.50.14.128
552,bild.de,145.243.240.20
553,artstation.com,104.17.111.49
554,beytoote.com,173.236.52.27
555,constintptr.com,188.72.213.122
556,google.com.co,216.58.212.195
557,oath.com,74.6.136.153
558,lenta.ru,81.19.72.36
559,cnzz.com,42.156.162.55
560,hupu.com,114.55.187.22
561,google.ch,172.217.17.35
562,leagueoflegends.com,52.28.199.68
563,addroplet.com,104.17.34.62
564,docin.com,221.122.132.136
565,convert2mp3.net,104.27.120.50
566,fb.ru,92.53.85.58
567,hellomagazine.com,62.22.15.85
568,bitly.com,67.199.248.15
569,google.cl,216.58.212.131
570,google.com.pe,172.217.20.67
571,alicdn.com,115.238.23.240
572,rutube.ru,185.165.123.77
573,wowhead.com,104.17.6.173
574,gotporn.com,104.25.115.113
575,appledaily.com,2.16.123.181
576,hm.com,23.62.99.43
577,hotnewhiphop.com,45.61.5.241
578,socialblade.com,104.25.101.115
579,drive2.ru,146.255.192.77
580,getlnk1.com,96.45.82.26
581,sputniknews.com,178.248.233.26
582,kizlarsoruyor.com,176.53.93.6
583,cqnews.net,219.153.58.101
584,billdesk.com,210.210.24.66
585,westernjournal.com,104.20.136.61
586,buy.tmall.com,47.246.16.234
587,manoramaonline.com,104.96.0.107
588,movie2free.com,104.27.36.19
589,y8.com,95.85.39.215
590,torrentz2.eu,104.31.17.3
591,att.com,144.160.36.42
592,freejobalert.com,69.65.38.88
593,fedex.com,204.135.8.175
594,google.dz,172.217.17.131
595,sci-hub.tw,186.2.163.90
596,porn.com,94.199.252.153
597,repubblica.it,213.92.16.101
598,expedia.com,35.164.25.103
599,elsevier.com,43.245.43.18
600,archiveofourown.org,104.153.64.122
601,telegraph.co.uk,52.85.58.73
602,newegg.com,92.122.254.49
603,wargaming.net,92.223.17.165
604,ecosia.org,52.28.86.36
605,videodownloadconverter.com,74.113.235.138
606,lnkfast.com,188.42.162.143
607,naver.jp,119.235.235.13
608,libero.it,213.209.17.209
609,wiley.com,209.172.193.49
610,pornq.com,104.24.13.115
611,tutorialspoint.com,94.130.81.180
612,inquirer.net,104.20.30.186
613,dmm.com,202.6.246.33
614,pirateproxy.app,104.18.35.138
615,sabq.org,104.16.44.64
616,rarbgprx.org,185.37.100.123
617,bancodevenezuela.com,200.44.45.12
618,paytm.com,54.169.40.227
619,gmarket.co.kr,183.111.134.78
620,kinokrad.co,94.198.242.19
621,xiami.com,203.119.217.18
622,pornpics.com,108.60.221.53
623,startpage.com,145.131.132.94
624,tube8.com,216.18.168.66
625,rapidgator.net,195.211.221.116
626,nnu.ng,104.31.67.54
627,rutor.info,185.176.192.247
628,google.az,172.217.17.132
629,discover.com,88.221.186.169
630,google.se,172.217.20.99
631,hatena.ne.jp,52.198.96.148
632,uptobox.com,104.20.68.21
633,google.nl,172.217.20.99
634,cdiscount.com,185.94.140.30
635,olx.com.br,54.233.189.91
636,gsmarena.com,148.251.77.209
637,yespornplease.com,104.31.112.31
638,oracle.com,137.254.120.50
639,fullhdfilmizlesene.net,95.130.170.180
640,fidelity.com,155.199.64.173
641,interia.pl,217.74.65.23
642,avast.com,77.234.45.78
643,elmwatin.com,104.25.23.11
644,xda-developers.com,104.18.217.186
645,tradingview.com,35.160.152.202
646,chip.de,92.122.253.86
648,notify-service.com,168.62.48.183
649,eksisozluk.com,176.53.43.8
650,pexels.com,104.16.239.112
651,wondershare.com,203.130.48.145
652,mathrubhumi.com,13.232.249.206
653,4399.com,118.184.184.70
654,runoob.com,42.156.141.17
655,kijiji.ca,91.195.49.142
656,costco.com,170.167.117.81
657,iqoption.com,185.117.134.17
658,subject.tmall.com,203.119.213.108
659,taleo.net,68.233.77.233
660,nvzhuang.tmall.com,213.244.178.254
661,myntra.com,88.221.165.70
662,geeksforgeeks.org,52.25.109.230
663,trustednotice.news,173.0.157.59
664,mawdoo3.com,151.101.2.202
665,gyazo.com,35.186.213.112
666,velocecdn.com,104.16.117.230
667,suara.com,104.20.183.76
668,metropoles.com,52.22.236.100
669,tencent.com,119.147.33.33
670,aminoapps.com,54.187.111.140
671,elmogaz.com,104.27.163.56
672,uzone.id,36.86.63.186
673,as.com,23.62.100.181
674,ninisite.com,104.20.0.156
675,t-online.de,62.138.239.100
676,ebates.com,192.107.237.22
677,gstatic.com,172.217.20.99
678,meb.gov.tr,212.174.189.120
679,ea.com,23.34.188.253
680,americanas.com.br,34.203.199.183
681,jw.org,23.38.41.170
682,bzw315.com,117.25.143.81
683,nianhuo.tmall.com,213.244.178.253
684,elwatannews.com,104.20.73.240
685,duolingo.com,54.165.40.136
686,eztv.io,104.25.47.104
687,cnbc.com,144.121.138.33
688,gamib.com,192.64.119.226
689,caliente.mx,134.213.233.164
690,google.com.ph,172.217.168.195
691,mobile01.com,35.201.234.200
693,freeadult.games,68.169.89.142
694,mileroticos.com,95.179.183.125
695,pchome.com.tw,210.59.230.39
696,17track.net,202.181.145.136
697,techradar.com,185.113.25.56
698,redwap.me,104.25.16.109
699,shopee.tw,103.117.4.201
700,udn.com,104.86.35.146
701,hurriyet.com.tr,83.66.162.50
702,ibps.in,202.191.149.218
703,trustpilot.com,52.30.220.127
704,vlive.tv,125.209.218.157
705,namasha.com,77.238.123.22
706,rapidvideo.com,179.43.191.62
707,cimaclub.com,104.25.185.16
708,uniqlo.tmall.com,198.11.188.78
709,alodokter.com,104.24.30.48
710,nordstrom.com,23.34.191.206
711,naukri.com,54.251.99.37
712,4pda.ru,104.20.42.23
713,ilovepdf.com,104.20.0.94
714,goal.com,185.42.236.11
715,elbalad.news,104.25.23.11
716,memurlar.net,176.53.59.96
717,google.pt,172.217.168.195
718,elfagr.com,104.25.22.11
719,agoda.com,103.6.182.20
720,allocine.fr,185.129.44.23
721,mgid.com,64.58.116.132
722,khanacademy.org,52.85.58.184
723,6.cn,111.11.31.225
724,google.ae,172.217.17.67
725,google.sk,172.217.17.131
726,food.tmall.com,213.244.178.254
727,pornhd.com,80.249.162.1
728,jiameng.com,117.78.42.66
729,ca.gov,168.62.218.117
730,blog.me,125.209.214.79
731,rotumal.com,188.72.213.221
732,td.com,2.16.123.143
733,cam4.com,217.22.17.248
734,unsplash.com,151.101.129.181
735,hubspot.com,104.16.251.5
736,sberbank.ru,194.54.14.159
737,uploaded.net,81.171.123.200
738,squarespace.com,198.185.159.176
739,kissasian.sh,104.25.204.29
740,zara.com,23.211.10.7
741,thingiverse.com,104.27.243.245
742,android.com,216.58.212.132
744,intel.com,13.91.95.74
745,vcommission.com,18.219.87.13
746,discuss.com.hk,104.20.170.49
747,subito.it,212.31.252.70
748,giphy.com,151.101.193.185
749,filehippo.com,151.101.194.217
750,dailycaller.com,104.20.222.36
751,hdzog.com,104.24.4.33
752,unblocked.app,104.28.7.135
753,youjizz.com,216.18.168.162
754,scol.com.cn,125.64.41.214
755,readms.net,104.28.7.213
756,verizonwireless.com,137.188.80.90
757,elmundo.es,168.63.31.52
758,mymovies.it,52.208.74.41
759,eporner.com,82.192.65.65
760,merriam-webster.com,192.229.173.26
762,hotels.com,23.38.16.139
763,yifysubtitles.com,104.24.8.103
764,diply.com,151.101.66.49
765,tarafdari.com,94.182.183.75
766,zoom.us,52.202.62.236
767,coursera.org,52.85.58.213
768,xtube.com,216.18.168.52
769,jb51.net,58.218.204.252
770,vesti.ru,80.247.32.208
771,google.hu,172.217.19.195
772,pastebin.com,104.20.208.21
773,pathofexile.com,104.19.185.16
774,playground.ru,212.42.38.154
775,viva.co.id,104.16.59.50
776,groupon.com,2.20.214.176
777,4chan.org,104.16.117.221
778,impress.co.jp,203.183.234.2
779,firefoxchina.cn,211.151.213.244
780,chinadaily.com.cn,111.13.49.147
782,okta.com,23.21.220.245
783,allrecipes.com,13.93.202.50
784,thumbzilla.com,216.18.168.17
785,theverge.com,151.101.65.52
786,express.co.uk,52.215.51.160
787,gazeta.ru,81.19.72.4
788,flirt4free.com,204.8.234.144
789,wunderground.com,92.122.254.27
790,yandex.com.tr,87.250.255.11
791,yaplakal.com,5.187.1.122
792,exhentai.org,109.236.84.191
793,getpocket.com,52.71.106.122
794,myfreecams.com,207.229.73.117
795,vnexpress.net,111.65.250.2
796,digialm.com,45.114.76.22
797,epfindia.gov.in,164.100.160.96
798,thethao247.vn,104.31.4.156
799,mobafire.com,104.19.131.78
800,k618.cn,123.103.56.42
801,brilio.net,103.6.0.120
802,turbobit.net,104.25.141.37
803,mercadolibre.com.ve,209.225.49.90
804,investopedia.com,34.206.254.220
805,autodesk.com,52.4.203.6
806,2movierulz.ch,104.24.98.224
807,lun.com,190.96.78.13
808,ebay.fr,66.135.211.132
809,jobsgg.com,216.239.32.21
810,dictionary.com,151.101.38.133
811,investing.com,185.94.84.100
812,lowes.com,184.50.175.204
813,zing.vn,118.102.1.119
814,nintendo.com,52.206.181.226
815,huawei.com,45.249.212.124
816,123movies.la,104.25.107.102
817,wsj.com,52.85.58.205
818,indiamart.com,35.190.37.46
819,smallpdf.com,52.85.63.176
820,labanquepostale.fr,83.206.67.137
821,asahi.com,23.38.35.39
822,dcard.tw,104.17.117.115
823,upornia.com,104.27.241.252
824,badoo.com,31.222.66.33
825,bankmellat.ir,176.56.156.137
826,v2ex.com,23.251.96.131
827,s4yxaqyq95.com,198.134.112.243
828,newstarads.com,188.72.202.167
829,knowyourmeme.com,208.115.103.34
830,justdial.com,23.214.172.129
831,oschina.net,120.55.226.24
832,chinaz.com,117.25.139.69
833,google.cz,172.217.20.67
834,ancestry.com,45.60.169.132
835,media.tumblr.com,152.199.19.43
836,tomshardware.com,52.54.187.227
837,gizmodo.com,151.101.66.166
838,ashemaletube.com,88.208.34.29
839,championat.com,81.19.86.5
840,cookpad.com,151.101.129.84
843,creditkarma.com,104.122.234.142
844,adme.ru,144.76.52.35
845,hotmovs.com,104.25.65.8
846,104.com.tw,122.147.53.67
847,engadget.com,66.218.87.12
848,magazineluiza.com.br,52.85.58.3
849,yeniakit.com.tr,104.20.48.210
850,realtor.com,206.131.180.21
851,mobile.de,194.50.69.124
852,hdlava.me,89.248.172.67
853,4shared.com,204.155.149.43
854,lentainform.com,88.212.205.228
855,book118.com,222.187.225.113
856,plex.tv,54.246.140.185
857,nikkei.com,138.101.9.100
858,nexon.com,183.110.0.151
859,worldoftanks.ru,92.223.21.73
860,lefigaro.fr,212.95.74.42
861,lenovo.com,92.122.62.218
862,n11.com,176.41.133.10
863,www.gov.uk,151.101.192.144
864,list-manage.com,205.201.132.96
865,lifo.gr,46.165.222.186
866,gamewith.jp,52.193.122.81
867,hitomi.la,185.145.129.33
868,nvidia.com,216.228.121.209
869,jqw.com,222.76.210.142
870,setare.com,185.141.244.12
871,kayak.com,151.101.65.29
872,lifewire.com,151.101.2.114
873,drudgereport.com,35.241.54.163
874,milliyet.com.tr,83.66.162.153
875,kickstarter.com,52.85.58.126
876,yandex.by,5.255.255.5
877,ccm.net,23.195.140.221
878,imagetwist.com,104.20.52.177
879,dream.co.id,103.6.0.15
880,bloomberg.com,69.187.23.20
881,lemonde.fr,195.154.120.129
882,bookmyshow.com,104.16.123.37
883,porntrex.com,109.201.133.9
884,tomsguide.com,34.195.202.63
885,urdupoint.com,104.17.79.135
886,umblr.com,212.82.100.151
887,58.com,115.159.231.173
888,poe.trade,176.9.54.120
889,ruten.com.tw,117.18.232.133
890,hepsiburada.com,193.28.225.200
891,fanfiction.net,208.80.123.103
892,reuters.com,52.2.61.110
893,norton.com,155.64.16.51
894,wildberries.ru,185.62.200.225
895,ozon.ru,45.60.64.61
896,dafont.com,178.33.63.127
897,teacherspayteachers.com,52.21.176.249
898,ccleaner.com,151.101.2.202
899,thefreedictionary.com,85.195.124.227
900,timeanddate.com,209.68.24.127
902,biblegateway.com,52.85.58.187
903,pandora.com,208.85.40.20
904,valuecommerce.com,52.197.253.176
905,126.com,123.125.50.22
906,tebyan.net,94.232.175.79
907,kp.ru,95.163.95.109
908,shein.com,35.162.69.199
909,echo.msk.ru,185.165.123.54
910,amazon.com.mx,52.94.225.241
911,cima4u.tv,104.27.121.54
912,adp.com,170.146.93.56
913,ficbook.net,104.20.222.19
915,familydoctor.com.cn,125.88.171.82
916,muchong.com,47.110.166.107
917,pulzo.com,54.230.122.112
918,npr.org,216.35.221.76
919,clean-macbook-system-clean.live,35.246.200.251
920,flashscore.com,188.92.40.78
921,newstrend.news,104.25.166.14
922,178.com,222.180.162.237
923,afreecatv.com,121.125.76.89
924,ieee.org,140.98.193.152
925,bestadbid.com,188.42.162.193
926,dns-shop.ru,185.165.123.176
927,dianping.com,203.76.216.1
928,pcgamer.com,185.113.25.56
929,vidio.com,54.169.37.235
930,kotaku.com,151.101.2.166
931,eroterest.net,153.122.98.4
932,cnnindonesia.com,203.190.242.254
933,getlnk2.com,96.45.83.113
934,kohls.com,184.50.175.77
935,yallakora.com,196.205.93.110
936,33sk.tv,104.25.24.22
937,cbssports.com,216.239.116.100
938,narcity.com,104.20.191.75
939,fmovies.to,104.24.118.102
940,studfiles.net,163.172.9.110
941,11st.co.kr,113.217.247.100
942,kafan.cn,121.40.38.20
943,rbc.ru,80.68.253.13
944,gumtree.com.au,91.211.74.51
946,filmweb.pl,193.200.227.13
947,southwest.com,208.94.153.100
948,ap.gov.in,117.254.92.53
949,envato.com,104.16.243.67
950,pptv.com,180.153.106.86
951,kinogo.by,104.25.189.28
952,uniqlo.com,54.248.11.245
953,google.ie,172.217.20.67
954,nypost.com,192.0.79.33
955,prnt.sc,104.27.101.99
956,clien.net,183.111.27.116
957,wp.com,192.0.78.25
958,motherless.com,46.166.188.35
959,state.gov,72.166.186.169
960,xhamsterlive.com,88.208.29.19
961,ytmp3.cc,88.212.246.252
962,vporn.com,104.27.83.25
963,bleacherreport.com,151.101.65.5
964,okcupid.com,198.41.209.131
965,commentcamarche.net,91.209.35.126
966,cloudflare.com,198.41.215.162
967,yournewtab.com,18.235.177.236
968,prom.ua,193.34.169.16
969,auction.co.kr,183.111.131.60
970,doc88.com,119.90.37.178
971,yandex.com,213.180.204.62
972,opera.com,185.26.182.104
973,drtuber.com,78.140.183.138
974,coupang.com,54.230.198.150
975,pelisplus.co,104.20.9.252
976,segmentfault.com,67.198.189.62
977,xhamsterpremium.com,88.208.58.138
978,g2a.com,104.27.188.140
979,cnbeta.com,125.90.93.20
980,51cto.com,47.95.170.110
981,apkpure.com,104.20.82.194
982,xbox.com,40.76.4.15
983,nbcnews.com,34.192.145.89
984,gnula.nu,104.25.224.9
985,playjunkie.com,104.19.231.132
986,1fichier.com,5.39.224.140
987,zaycev.net,95.183.15.249
988,err.tmall.com,47.246.16.233
989,xbooks.to,37.187.226.152
990,secureserver.net,208.109.192.71
991,ed.gov,165.224.212.35
992,audible.com,54.239.29.73
993,neoldu.com,185.135.222.101
994,nhl.com,8.20.73.150
995,1tv.ru,195.16.108.152
996,sports.ru,37.209.241.231
997,vjav.com,104.27.121.110
998,skysports.com,90.216.129.62
999,kinogo.cc,104.27.152.35
1000,redfin.com,216.211.130.168
1001,donga.com,210.115.150.1
1002,caixa.gov.br,200.201.165.253
1003,linkshrink.net,104.27.175.178
1005,fishki.net,88.212.236.84
1006,asriran.com,94.182.146.195
1007,rus.ec,212.32.236.203
1008,delta.com,216.87.148.114
1009,androidoyun.club,195.154.78.205
1010,mptentry.com,93.93.53.190
1011,viu.com,52.85.58.226
1012,manyvids.com,52.85.58.206
1013,tnaflix.com,77.247.179.176
1014,news.com.au,92.122.255.157
1015,gap.tmall.com,198.11.188.78
1016,bhphotovideo.com,74.113.188.100
1017,farfetch.com,40.114.244.193
1018,internetdownloadmanager.com,169.55.40.5
1019,nownews.com,104.20.86.213
1020,jizzbunker.com,104.28.10.88
1021,eventbrite.com,18.215.76.51
